Workbook
Name FSPointlist: TB2Handbook[前視點]
Name Pointlist: TB1Control[點號]

Sheet 控制點 (ControlPoints)
A1: 點號 | B1: N座標 | C1: E座標 | D1: H座標
A2: GCP1 | B2: 2768136.3 | C2: 304386.79 | D2: 8.717
A3: GCP5 | B3: 2768130 | C3: 304520.12 | D3: 9
A4: 4-1-1 | B4: 2768125.1 | C4: 304579.8 | D4: 8.951
A5: 4-1-2 | B5: 2768122.5 | C5: 304628.62 | D5: 8.714
A6: 4-1-3 | B6: 2768074.5 | C6: 304632.75 | D6: 8.826
A7: 4-1-4 | B7: 2768079 | C7: 304684.54 | D7: 8.962
A8: 4-1-5 | B8: 2768113.1 | C8: 304709.78 | D8: 8.928
A9: 4-1-6 | B9: 2768148.6 | C9: 304694.6 | D9: 9
A10: 4-1-7 | B10: 2768166 | C10: 304660.79 | D10: 8.846
A11: 4-1-8 | B11: 2768143.9 | C11: 304620.65 | D11: 8.696

Sheet 手簿 (Handbook)
A1: 測站 | B1: 後視點 | C1: 前視點 | D1: 水平角(度) | E1: 水平角(分) | F1: 水平角(秒) | G1: 水平距 | H1: 天頂距(度) | I1: 天頂距(分) | J1: 天頂距(秒) | K1: 儀器高 | L1: 稜鏡高 | M1: 備註
A2: 4-1-2 | B2: 4-1-1 | C2: B-1 | D2: 124 | E2: 16 | F2: 25 | G2: 33.033 | H2: 90 | I2: 13 | J2: 7 | K2: 1.603 | L2: 1.251
A3: 4-1-2 | B3: 4-1-1 | C3: B-5 | D3: 152 | E3: 15 | F3: 40 | G3: 12.42 | H3: 95 | I3: 33 | J3: 42 | K3: 1.603 | L3: 0
A4: 4-1-2 | B4: 4-1-1 | C4: B-6 | D4: 193 | E4: 47 | F4: 45 | G4: 11.853 | H4: 95 | I4: 31 | J4: 52 | K4: 1.603 | L4: 0
A5: 4-1-2 | B5: 4-1-1 | C5: B-7 | D5: 157 | E5: 29 | F5: 34 | G5: 15.679 | H5: 88 | I5: 33 | J5: 41 | K5: 1.603 | L5: 1.465
A6: 4-1-2 | B6: 4-1-1 | C6: B-7-T | D6: 157 | E6: 29 | F6: 34 | G6: 15.679 | H6: 74 | I6: 25 | J6: 48 | K6: 1.603 | L6: 0
A7: 4-1-2 | B7: 4-1-1 | C7: B-1-T | D7: 124 | E7: 16 | F7: 25 | G7: 33.033 | H7: 64 | I7: 58 | J7: 40 | K7: 1.603 | L7: 0
A8: 4-1-2 | B8: 4-1-1 | C8: B-11 | D8: 190 | E8: 14 | F8: 49 | G8: 15.05 | H8: 88 | I8: 11 | J8: 50 | K8: 1.603 | L8: 1.531
A9: 4-1-2 | B9: 4-1-1 | C9: B-11-T | D9: 190 | E9: 14 | F9: 49 | G9: 15.05 | H9: 73 | I9: 51 | J9: 2 | K9: 1.603 | L9: 0
A10: 4-1-2 | B10: 4-1-1 | C10: B-15 | D10: 164 | E10: 23 | F10: 59 | G10: 15.116 | H10: 88 | I10: 12 | J10: 47 | K10: 1.603 | L10: 1.531
A11: 4-1-2 | B11: 4-1-1 | C11: B-15-T | D11: 164 | E11: 23 | F11: 59 | G11: 15.116 | H11: 83 | I11: 40 | J11: 32 | K11: 1.603 | L11: 0
A12: 4-1-2 | B12: 4-1-1 | C12: B-51 | D12: 183 | E12: 0 | F12: 48 | G12: 14.765 | H12: 88 | I12: 10 | J12: 45 | K12: 1.603 | L12: 1.531
A13: 4-1-2 | B13: 4-1-1 | C13: B-51-T | D13: 183 | E13: 0 | F13: 48 | G13: 14.765 | H13: 83 | I13: 29 | J13: 22 | K13: 1.603 | L13: 0
... A18: 4-1-4 | B18: 4-1-3 | C18: B-20 | D18: 100 | E18: 46 | F18: 18 | G18: 21.855 | H18: 88 | I18: 16 | J18: 58 | K18: 1.552 | L18: 2.181

Sheet 運算表
A1: 水平角DEG | B1: 方位角φ | C1: Eb-Ea | D1: Nb-Na | E1: (Eb-Ea)/(Nb-Na) | F1: ATAN | G1: 垂直角α | H1: φ
A2: ='手簿 (Handbook)'!D2+'手簿 (Handbook)'!E2/60+'手簿 (Handbook)'!F2/3600 -> 124.27361 | B2: =IF((A2+H2)>360,(A2+H2)-360,(A2+H2)) -> 37.302229 | C2: =_xlfn.XLOOKUP('手簿 (Handbook)'!B2,TB1Control[點號],TB1Control[E座標])-_xlfn.XLOOKUP('手簿 (Handbook)'!A2,TB1Control[點號],TB1Control[E座標]) -> -48.82 | D2: =_xlfn.XLOOKUP('手簿 (Handbook)'!B2,TB1Control[點號],TB1Control[N座標])-_xlfn.XLOOKUP('手簿 (Handbook)'!A2,TB1Control[點號],TB1Control[N座標]) -> 2.583 | E2: =C2/D2 -> -18.900503 | F2: =DEGREES(ATAN(E2)) -> -86.971382 | G2: =90-TB2Handbook[[#This Row],[天頂距(度)]]+TB2Handbook[[#This Row],[天頂距(分)]]/60+TB2Handbook[[#This Row],[天頂距(秒)]]/3600 -> 0.21861111 | H2: =IF(AND(C2>0,D2>0),F2,IF(AND(C2<0,D2>0),F2+360,IF(AND(C2<0,D2<0),F2+180,IF(AND(C2>0,D2<0),F2-180)))) -> 273.02862
A3: ='手簿 (Handbook)'!D3+'手簿 (Handbook)'!E3/60+'手簿 (Handbook)'!F3/3600 -> 152.26111 | B3: =IF((A3+H3)>360,(A3+H3)-360,(A3+H3)) -> 65.289729 | C3: =_xlfn.XLOOKUP('手簿 (Handbook)'!B3,TB1Control[點號],TB1Control[E座標])-_xlfn.XLOOKUP('手簿 (Handbook)'!A3,TB1Control[點號],TB1Control[E座標]) -> -48.82 | D3: =_xlfn.XLOOKUP('手簿 (Handbook)'!B3,TB1Control[點號],TB1Control[N座標])-_xlfn.XLOOKUP('手簿 (Handbook)'!A3,TB1Control[點號],TB1Control[N座標]) -> 2.583 | E3: =C3/D3 -> -18.900503 | F3: =DEGREES(ATAN(E3)) -> -86.971382 | G3: =90-TB2Handbook[[#This Row],[天頂距(度)]]+TB2Handbook[[#This Row],[天頂距(分)]]/60+TB2Handbook[[#This Row],[天頂距(秒)]]/3600 -> -4.4383333 | H3: =IF(AND(C3>0,D3>0),F3,IF(AND(C3<0,D3>0),F3+360,IF(AND(C3<0,D3<0),F3+180,IF(AND(C3>0,D3<0),F3-180)))) -> 273.02862
A4: ='手簿 (Handbook)'!D4+'手簿 (Handbook)'!E4/60+'手簿 (Handbook)'!F4/3600 -> 193.79583 | B4: =IF((A4+H4)>360,(A4+H4)-360,(A4+H4)) -> 106.82445 | C4: =_xlfn.XLOOKUP('手簿 (Handbook)'!B4,TB1Control[點號],TB1Control[E座標])-_xlfn.XLOOKUP('手簿 (Handbook)'!A4,TB1Control[點號],TB1Control[E座標]) -> -48.82 | D4: =_xlfn.XLOOKUP('手簿 (Handbook)'!B4,TB1Control[點號],TB1Control[N座標])-_xlfn.XLOOKUP('手簿 (Handbook)'!A4,TB1Control[點號],TB1Control[N座標]) -> 2.583 | E4: =C4/D4 -> -18.900503 | F4: =DEGREES(ATAN(E4)) -> -86.971382 | G4: =90-TB2Handbook[[#This Row],[天頂距(度)]]+TB2Handbook[[#This Row],[天頂距(分)]]/60+TB2Handbook[[#This Row],[天頂距(秒)]]/3600 -> -4.4688889 | H4: =IF(AND(C4>0,D4>0),F4,IF(AND(C4<0,D4>0),F4+360,IF(AND(C4<0,D4<0),F4+180,IF(AND(C4>0,D4<0),F4-180)))) -> 273.02862
A5: ='手簿 (Handbook)'!D5+'手簿 (Handbook)'!E5/60+'手簿 (Handbook)'!F5/3600 -> 157.49278 | B5: =IF((A5+H5)>360,(A5+H5)-360,(A5+H5)) -> 70.521396 | C5: =_xlfn.XLOOKUP('手簿 (Handbook)'!B5,TB1Control[點號],TB1Control[E座標])-_xlfn.XLOOKUP('手簿 (Handbook)'!A5,TB1Control[點號],TB1Control[E座標]) -> -48.82 | D5: =_xlfn.XLOOKUP('手簿 (Handbook)'!B5,TB1Control[點號],TB1Control[N座標])-_xlfn.XLOOKUP('手簿 (Handbook)'!A5,TB1Control[點號],TB1Control[N座標]) -> 2.583 | E5: =C5/D5 -> -18.900503 | F5: =DEGREES(ATAN(E5)) -> -86.971382 | G5: =90-TB2Handbook[[#This Row],[天頂距(度)]]+TB2Handbook[[#This Row],[天頂距(分)]]/60+TB2Handbook[[#This Row],[天頂距(秒)]]/3600 -> 2.5613889 | H5: =IF(AND(C5>0,D5>0),F5,IF(AND(C5<0,D5>0),F5+360,IF(AND(C5<0,D5<0),F5+180,IF(AND(C5>0,D5<0),F5-180)))) -> 273.02862
A6: ='手簿 (Handbook)'!D6+'手簿 (Handbook)'!E6/60+'手簿 (Handbook)'!F6/3600 -> 157.49278 | B6: =IF((A6+H6)>360,(A6+H6)-360,(A6+H6)) -> 70.521396 | C6: =_xlfn.XLOOKUP('手簿 (Handbook)'!B6,TB1Control[點號],TB1Control[E座標])-_xlfn.XLOOKUP('手簿 (Handbook)'!A6,TB1Control[點號],TB1Control[E座標]) -> -48.82 | D6: =_xlfn.XLOOKUP('手簿 (Handbook)'!B6,TB1Control[點號],TB1Control[N座標])-_xlfn.XLOOKUP('手簿 (Handbook)'!A6,TB1Control[點號],TB1Control[N座標]) -> 2.583 | E6: =C6/D6 -> -18.900503 | F6: =DEGREES(ATAN(E6)) -> -86.971382 | G6: =90-TB2Handbook[[#This Row],[天頂距(度)]]+TB2Handbook[[#This Row],[天頂距(分)]]/60+TB2Handbook[[#This Row],[天頂距(秒)]]/3600 -> 16.43 | H6: =IF(AND(C6>0,D6>0),F6,IF(AND(C6<0,D6>0),F6+360,IF(AND(C6<0,D6<0),F6+180,IF(AND(C6>0,D6<0),F6-180)))) -> 273.02862
A7: ='手簿 (Handbook)'!D7+'手簿 (Handbook)'!E7/60+'手簿 (Handbook)'!F7/3600 -> 124.27361 | B7: =IF((A7+H7)>360,(A7+H7)-360,(A7+H7)) -> 37.302229 | C7: =_xlfn.XLOOKUP('手簿 (Handbook)'!B7,TB1Control[點號],TB1Control[E座標])-_xlfn.XLOOKUP('手簿 (Handbook)'!A7,TB1Control[點號],TB1Control[E座標]) -> -48.82 | D7: =_xlfn.XLOOKUP('手簿 (Handbook)'!B7,TB1Control[點號],TB1Control[N座標])-_xlfn.XLOOKUP('手簿 (Handbook)'!A7,TB1Control[點號],TB1Control[N座標]) -> 2.583 | E7: =C7/D7 -> -18.900503 | F7: =DEGREES(ATAN(E7)) -> -86.971382 | G7: =90-TB2Handbook[[#This Row],[天頂距(度)]]+TB2Handbook[[#This Row],[天頂距(分)]]/60+TB2Handbook[[#This Row],[天頂距(秒)]]/3600 -> 26.977778 | H7: =IF(AND(C7>0,D7>0),F7,IF(AND(C7<0,D7>0),F7+360,IF(AND(C7<0,D7<0),F7+180,IF(AND(C7>0,D7<0),F7-180)))) -> 273.02862
A8: ='手簿 (Handbook)'!D8+'手簿 (Handbook)'!E8/60+'手簿 (Handbook)'!F8/3600 -> 190.24694 | B8: =IF((A8+H8)>360,(A8+H8)-360,(A8+H8)) -> 103.27556 | C8: =_xlfn.XLOOKUP('手簿 (Handbook)'!B8,TB1Control[點號],TB1Control[E座標])-_xlfn.XLOOKUP('手簿 (Handbook)'!A8,TB1Control[點號],TB1Control[E座標]) -> -48.82 | D8: =_xlfn.XLOOKUP('手簿 (Handbook)'!B8,TB1Control[點號],TB1Control[N座標])-_xlfn.XLOOKUP('手簿 (Handbook)'!A8,TB1Control[點號],TB1Control[N座標]) -> 2.583 | E8: =C8/D8 -> -18.900503 | F8: =DEGREES(ATAN(E8)) -> -86.971382 | G8: =90-TB2Handbook[[#This Row],[天頂距(度)]]+TB2Handbook[[#This Row],[天頂距(分)]]/60+TB2Handbook[[#This Row],[天頂距(秒)]]/3600 -> 2.1972222 | H8: =IF(AND(C8>0,D8>0),F8,IF(AND(C8<0,D8>0),F8+360,IF(AND(C8<0,D8<0),F8+180,IF(AND(C8>0,D8<0),F8-180)))) -> 273.02862
A9: ='手簿 (Handbook)'!D9+'手簿 (Handbook)'!E9/60+'手簿 (Handbook)'!F9/3600 -> 190.24694 | B9: =IF((A9+H9)>360,(A9+H9)-360,(A9+H9)) -> 103.27556 | C9: =_xlfn.XLOOKUP('手簿 (Handbook)'!B9,TB1Control[點號],TB1Control[E座標])-_xlfn.XLOOKUP('手簿 (Handbook)'!A9,TB1Control[點號],TB1Control[E座標]) -> -48.82 | D9: =_xlfn.XLOOKUP('手簿 (Handbook)'!B9,TB1Control[點號],TB1Control[N座標])-_xlfn.XLOOKUP('手簿 (Handbook)'!A9,TB1Control[點號],TB1Control[N座標]) -> 2.583 | E9: =C9/D9 -> -18.900503 | F9: =DEGREES(ATAN(E9)) -> -86.971382 | G9: =90-TB2Handbook[[#This Row],[天頂距(度)]]+TB2Handbook[[#This Row],[天頂距(分)]]/60+TB2Handbook[[#This Row],[天頂距(秒)]]/3600 -> 17.850556 | H9: =IF(AND(C9>0,D9>0),F9,IF(AND(C9<0,D9>0),F9+360,IF(AND(C9<0,D9<0),F9+180,IF(AND(C9>0,D9<0),F9-180)))) -> 273.02862
A10: ='手簿 (Handbook)'!D10+'手簿 (Handbook)'!E10/60+'手簿 (Handbook)'!F10/3600 -> 164.39972 | B10: =IF((A10+H10)>360,(A10+H10)-360,(A10+H10)) -> 77.42834 | C10: =_xlfn.XLOOKUP('手簿 (Handbook)'!B10,TB1Control[點號],TB1Control[E座標])-_xlfn.XLOOKUP('手簿 (Handbook)'!A10,TB1Control[點號],TB1Control[E座標]) -> -48.82 | D10: =_xlfn.XLOOKUP('手簿 (Handbook)'!B10,TB1Control[點號],TB1Control[N座標])-_xlfn.XLOOKUP('手簿 (Handbook)'!A10,TB1Control[點號],TB1Control[N座標]) -> 2.583 | E10: =C10/D10 -> -18.900503 | F10: =DEGREES(ATAN(E10)) -> -86.971382 | G10: =90-TB2Handbook[[#This Row],[天頂距(度)]]+TB2Handbook[[#This Row],[天頂距(分)]]/60+TB2Handbook[[#This Row],[天頂距(秒)]]/3600 -> 2.2130556 | H10: =IF(AND(C10>0,D10>0),F10,IF(AND(C10<0,D10>0),F10+360,IF(AND(C10<0,D10<0),F10+180,IF(AND(C10>0,D10<0),F10-180)))) -> 273.02862
A11: ='手簿 (Handbook)'!D11+'手簿 (Handbook)'!E11/60+'手簿 (Handbook)'!F11/3600 -> 164.39972 | B11: =IF((A11+H11)>360,(A11+H11)-360,(A11+H11)) -> 77.42834 | C11: =_xlfn.XLOOKUP('手簿 (Handbook)'!B11,TB1Control[點號],TB1Control[E座標])-_xlfn.XLOOKUP('手簿 (Handbook)'!A11,TB1Control[點號],TB1Control[E座標]) -> -48.82 | D11: =_xlfn.XLOOKUP('手簿 (Handbook)'!B11,TB1Control[點號],TB1Control[N座標])-_xlfn.XLOOKUP('手簿 (Handbook)'!A11,TB1Control[點號],TB1Control[N座標]) -> 2.583 | E11: =C11/D11 -> -18.900503 | F11: =DEGREES(ATAN(E11)) -> -86.971382 | G11: =90-TB2Handbook[[#This Row],[天頂距(度)]]+TB2Handbook[[#This Row],[天頂距(分)]]/60+TB2Handbook[[#This Row],[天頂距(秒)]]/3600 -> 7.6755556 | H11: =IF(AND(C11>0,D11>0),F11,IF(AND(C11<0,D11>0),F11+360,IF(AND(C11<0,D11<0),F11+180,IF(AND(C11>0,D11<0),F11-180)))) -> 273.02862
A12: ='手簿 (Handbook)'!D12+'手簿 (Handbook)'!E12/60+'手簿 (Handbook)'!F12/3600 -> 183.01333 | B12: =IF((A12+H12)>360,(A12+H12)-360,(A12+H12)) -> 96.041951 | C12: =_xlfn.XLOOKUP('手簿 (Handbook)'!B12,TB1Control[點號],TB1Control[E座標])-_xlfn.XLOOKUP('手簿 (Handbook)'!A12,TB1Control[點號],TB1Control[E座標]) -> -48.82 | D12: =_xlfn.XLOOKUP('手簿 (Handbook)'!B12,TB1Control[點號],TB1Control[N座標])-_xlfn.XLOOKUP('手簿 (Handbook)'!A12,TB1Control[點號],TB1Control[N座標]) -> 2.583 | E12: =C12/D12 -> -18.900503 | F12: =DEGREES(ATAN(E12)) -> -86.971382 | G12: =90-TB2Handbook[[#This Row],[天頂距(度)]]+TB2Handbook[[#This Row],[天頂距(分)]]/60+TB2Handbook[[#This Row],[天頂距(秒)]]/3600 -> 2.1791667 | H12: =IF(AND(C12>0,D12>0),F12,IF(AND(C12<0,D12>0),F12+360,IF(AND(C12<0,D12<0),F12+180,IF(AND(C12>0,D12<0),F12-180)))) -> 273.02862
A13: ='手簿 (Handbook)'!D13+'手簿 (Handbook)'!E13/60+'手簿 (Handbook)'!F13/3600 -> 183.01333 | B13: =IF((A13+H13)>360,(A13+H13)-360,(A13+H13)) -> 96.041951 | C13: =_xlfn.XLOOKUP('手簿 (Handbook)'!B13,TB1Control[點號],TB1Control[E座標])-_xlfn.XLOOKUP('手簿 (Handbook)'!A13,TB1Control[點號],TB1Control[E座標]) -> -48.82 | D13: =_xlfn.XLOOKUP('手簿 (Handbook)'!B13,TB1Control[點號],TB1Control[N座標])-_xlfn.XLOOKUP('手簿 (Handbook)'!A13,TB1Control[點號],TB1Control[N座標]) -> 2.583 | E13: =C13/D13 -> -18.900503 | F13: =DEGREES(ATAN(E13)) -> -86.971382 | G13: =90-TB2Handbook[[#This Row],[天頂距(度)]]+TB2Handbook[[#This Row],[天頂距(分)]]/60+TB2Handbook[[#This Row],[天頂距(秒)]]/3600 -> 7.4894444 | H13: =IF(AND(C13>0,D13>0),F13,IF(AND(C13<0,D13>0),F13+360,IF(AND(C13<0,D13<0),F13+180,IF(AND(C13>0,D13<0),F13-180)))) -> 273.02862
... A100: ='手簿 (Handbook)'!D100+'手簿 (Handbook)'!E100/60+'手簿 (Handbook)'!F100/3600 -> 0 | B100: =IF((A100+H100)>360,(A100+H100)-360,(A100+H100)) -> #N/A | C100: =_xlfn.XLOOKUP('手簿 (Handbook)'!B100,TB1Control[點號],TB1Control[E座標])-_xlfn.XLOOKUP('手簿 (Handbook)'!A100,TB1Control[點號],TB1Control[E座標]) -> #N/A | D100: =_xlfn.XLOOKUP('手簿 (Handbook)'!B100,TB1Control[點號],TB1Control[N座標])-_xlfn.XLOOKUP('手簿 (Handbook)'!A100,TB1Control[點號],TB1Control[N座標]) -> #N/A | E100: =C100/D100 -> #N/A | F100: =DEGREES(ATAN(E100)) -> #N/A | G100: =90-TB2Handbook[[#This Row],[天頂距(度)]]+TB2Handbook[[#This Row],[天頂距(分)]]/60+TB2Handbook[[#This Row],[天頂距(秒)]]/3600 -> #VALUE! | H100: =IF(AND(C100>0,D100>0),F100,IF(AND(C100<0,D100>0),F100+360,IF(AND(C100<0,D100<0),F100+180,IF(AND(C100>0,D100<0),F100-180)))) -> #N/A

Sheet 細部點座標
A1: 點號 | B1: N座標 | C1: E座標 | D1: H座標
A2: ='手簿 (Handbook)'!C2 -> B-1 | B2: =_xlfn.XLOOKUP('手簿 (Handbook)'!A2,TB1Control[點號],TB1Control[N座標])+'手簿 (Handbook)'!G2*COS(RADIANS(運算表!B2)) -> 2768148.8 | C2: =_xlfn.XLOOKUP('手簿 (Handbook)'!A2,TB1Control[點號],TB1Control[E座標])+'手簿 (Handbook)'!G2*SIN(RADIANS(運算表!B2)) -> 304648.64 | D2: =_xlfn.XLOOKUP('手簿 (Handbook)'!A2,TB1Control[點號],TB1Control[H座標])+'手簿 (Handbook)'!G2*TAN(RADIANS(運算表!G2))-'手簿 (Handbook)'!L2 -> 7.5890375
A3: ='手簿 (Handbook)'!C3 -> B-5 | B3: =_xlfn.XLOOKUP('手簿 (Handbook)'!A3,TB1Control[點號],TB1Control[N座標])+'手簿 (Handbook)'!G3*COS(RADIANS(運算表!B3)) -> 2768127.7 | C3: =_xlfn.XLOOKUP('手簿 (Handbook)'!A3,TB1Control[點號],TB1Control[E座標])+'手簿 (Handbook)'!G3*SIN(RADIANS(運算表!B3)) -> 304639.9 | D3: =_xlfn.XLOOKUP('手簿 (Handbook)'!A3,TB1Control[點號],TB1Control[H座標])+'手簿 (Handbook)'!G3*TAN(RADIANS(運算表!G3))-'手簿 (Handbook)'!L3 -> 7.7499739
A4: ='手簿 (Handbook)'!C4 -> B-6 | B4: =_xlfn.XLOOKUP('手簿 (Handbook)'!A4,TB1Control[點號],TB1Control[N座標])+'手簿 (Handbook)'!G4*COS(RADIANS(運算表!B4)) -> 2768119.1 | C4: =_xlfn.XLOOKUP('手簿 (Handbook)'!A4,TB1Control[點號],TB1Control[E座標])+'手簿 (Handbook)'!G4*SIN(RADIANS(運算表!B4)) -> 304639.96 | D4: =_xlfn.XLOOKUP('手簿 (Handbook)'!A4,TB1Control[點號],TB1Control[H座標])+'手簿 (Handbook)'!G4*TAN(RADIANS(運算表!G4))-'手簿 (Handbook)'!L4 -> 7.7876243
A5: ='手簿 (Handbook)'!C5 -> B-7 | B5: =_xlfn.XLOOKUP('手簿 (Handbook)'!A5,TB1Control[點號],TB1Control[N座標])+'手簿 (Handbook)'!G5*COS(RADIANS(運算表!B5)) -> 2768127.8 | C5: =_xlfn.XLOOKUP('手簿 (Handbook)'!A5,TB1Control[點號],TB1Control[E座標])+'手簿 (Handbook)'!G5*SIN(RADIANS(運算表!B5)) -> 304643.4 | D5: =_xlfn.XLOOKUP('手簿 (Handbook)'!A5,TB1Control[點號],TB1Control[H座標])+'手簿 (Handbook)'!G5*TAN(RADIANS(運算表!G5))-'手簿 (Handbook)'!L5 -> 7.9503918
A6: ='手簿 (Handbook)'!C6 -> B-7-T | B6: =_xlfn.XLOOKUP('手簿 (Handbook)'!A6,TB1Control[點號],TB1Control[N座標])+'手簿 (Handbook)'!G6*COS(RADIANS(運算表!B6)) -> 2768127.8 | C6: =_xlfn.XLOOKUP('手簿 (Handbook)'!A6,TB1Control[點號],TB1Control[E座標])+'手簿 (Handbook)'!G6*SIN(RADIANS(運算表!B6)) -> 304643.4 | D6: =_xlfn.XLOOKUP('手簿 (Handbook)'!A6,TB1Control[點號],TB1Control[H座標])+'手簿 (Handbook)'!G6*TAN(RADIANS(運算表!G6))-'手簿 (Handbook)'!L6 -> 13.337503
A7: ='手簿 (Handbook)'!C7 -> B-1-T | B7: =_xlfn.XLOOKUP('手簿 (Handbook)'!A7,TB1Control[點號],TB1Control[N座標])+'手簿 (Handbook)'!G7*COS(RADIANS(運算表!B7)) -> 2768148.8 | C7: =_xlfn.XLOOKUP('手簿 (Handbook)'!A7,TB1Control[點號],TB1Control[E座標])+'手簿 (Handbook)'!G7*SIN(RADIANS(運算表!B7)) -> 304648.64 | D7: =_xlfn.XLOOKUP('手簿 (Handbook)'!A7,TB1Control[點號],TB1Control[H座標])+'手簿 (Handbook)'!G7*TAN(RADIANS(運算表!G7))-'手簿 (Handbook)'!L7 -> 25.529019
A8: ='手簿 (Handbook)'!C8 -> B-11 | B8: =_xlfn.XLOOKUP('手簿 (Handbook)'!A8,TB1Control[點號],TB1Control[N座標])+'手簿 (Handbook)'!G8*COS(RADIANS(運算表!B8)) -> 2768119.1 | C8: =_xlfn.XLOOKUP('手簿 (Handbook)'!A8,TB1Control[點號],TB1Control[E座標])+'手簿 (Handbook)'!G8*SIN(RADIANS(運算表!B8)) -> 304643.27 | D8: =_xlfn.XLOOKUP('手簿 (Handbook)'!A8,TB1Control[點號],TB1Control[H座標])+'手簿 (Handbook)'!G8*TAN(RADIANS(運算表!G8))-'手簿 (Handbook)'!L8 -> 7.760432
A9: ='手簿 (Handbook)'!C9 -> B-11-T | B9: =_xlfn.XLOOKUP('手簿 (Handbook)'!A9,TB1Control[點號],TB1Control[N座標])+'手簿 (Handbook)'!G9*COS(RADIANS(運算表!B9)) -> 2768119.1 | C9: =_xlfn.XLOOKUP('手簿 (Handbook)'!A9,TB1Control[點號],TB1Control[E座標])+'手簿 (Handbook)'!G9*SIN(RADIANS(運算表!B9)) -> 304643.27 | D9: =_xlfn.XLOOKUP('手簿 (Handbook)'!A9,TB1Control[點號],TB1Control[H座標])+'手簿 (Handbook)'!G9*TAN(RADIANS(運算表!G9))-'手簿 (Handbook)'!L9 -> 13.560679
A10: ='手簿 (Handbook)'!C10 -> B-15 | B10: =_xlfn.XLOOKUP('手簿 (Handbook)'!A10,TB1Control[點號],TB1Control[N座標])+'手簿 (Handbook)'!G10*COS(RADIANS(運算表!B10)) -> 2768125.8 | C10: =_xlfn.XLOOKUP('手簿 (Handbook)'!A10,TB1Control[點號],TB1Control[E座標])+'手簿 (Handbook)'!G10*SIN(RADIANS(運算表!B10)) -> 304643.37 | D10: =_xlfn.XLOOKUP('手簿 (Handbook)'!A10,TB1Control[點號],TB1Control[H座標])+'手簿 (Handbook)'!G10*TAN(RADIANS(運算表!G10))-'手簿 (Handbook)'!L10 -> 7.7671476
A11: ='手簿 (Handbook)'!C11 -> B-15-T | B11: =_xlfn.XLOOKUP('手簿 (Handbook)'!A11,TB1Control[點號],TB1Control[N座標])+'手簿 (Handbook)'!G11*COS(RADIANS(運算表!B11)) -> 2768125.8 | C11: =_xlfn.XLOOKUP('手簿 (Handbook)'!A11,TB1Control[點號],TB1Control[E座標])+'手簿 (Handbook)'!G11*SIN(RADIANS(運算表!B11)) -> 304643.37 | D11: =_xlfn.XLOOKUP('手簿 (Handbook)'!A11,TB1Control[點號],TB1Control[H座標])+'手簿 (Handbook)'!G11*TAN(RADIANS(運算表!G11))-'手簿 (Handbook)'!L11 -> 10.751197
A12: ='手簿 (Handbook)'!C12 -> B-51 | B12: =_xlfn.XLOOKUP('手簿 (Handbook)'!A12,TB1Control[點號],TB1Control[N座標])+'手簿 (Handbook)'!G12*COS(RADIANS(運算表!B12)) -> 2768121 | C12: =_xlfn.XLOOKUP('手簿 (Handbook)'!A12,TB1Control[點號],TB1Control[E座標])+'手簿 (Handbook)'!G12*SIN(RADIANS(運算表!B12)) -> 304643.3 | D12: =_xlfn.XLOOKUP('手簿 (Handbook)'!A12,TB1Control[點號],TB1Control[H座標])+'手簿 (Handbook)'!G12*TAN(RADIANS(運算表!G12))-'手簿 (Handbook)'!L12 -> 7.7448375
A13: ='手簿 (Handbook)'!C13 -> B-51-T | B13: =_xlfn.XLOOKUP('手簿 (Handbook)'!A13,TB1Control[點號],TB1Control[N座標])+'手簿 (Handbook)'!G13*COS(RADIANS(運算表!B13)) -> 2768121 | C13: =_xlfn.XLOOKUP('手簿 (Handbook)'!A13,TB1Control[點號],TB1Control[E座標])+'手簿 (Handbook)'!G13*SIN(RADIANS(運算表!B13)) -> 304643.3 | D13: =_xlfn.XLOOKUP('手簿 (Handbook)'!A13,TB1Control[點號],TB1Control[H座標])+'手簿 (Handbook)'!G13*TAN(RADIANS(運算表!G13))-'手簿 (Handbook)'!L13 -> 10.655082
... A100: ='手簿 (Handbook)'!C100 -> 0 | B100: =_xlfn.XLOOKUP('手簿 (Handbook)'!A100,TB1Control[點號],TB1Control[N座標])+'手簿 (Handbook)'!G100*COS(RADIANS(運算表!B100)) -> #N/A | C100: =_xlfn.XLOOKUP('手簿 (Handbook)'!A100,TB1Control[點號],TB1Control[E座標])+'手簿 (Handbook)'!G100*SIN(RADIANS(運算表!B100)) -> #N/A | D100: =_xlfn.XLOOKUP('手簿 (Handbook)'!A100,TB1Control[點號],TB1Control[H座標])+'手簿 (Handbook)'!G100*TAN(RADIANS(運算表!G100))-'手簿 (Handbook)'!L100 -> #N/A
